{"cameraMode":{"drawMode":0,"name":"Shaded","section":"Shading Mode"},"sceneLighting":true,"audioPlay":false,"sceneViewState":{"showFog":false,"showMaterialUpdate":false,"showSkybox":false,"showFlares":false,"showImageEffects":false,"showParticleSystems":false},"in2DMode":false,"pivot":{"x":2.203301191329956,"y":-2.8138794898986818,"z":18.21163558959961},"rotation":{"x":-0.15306705236434937,"y":-0.11916651576757431,"z":0.018596883863210679,"w":-0.9808346033096314},"size":16.689661026000978,"orthographic":false}